"userName","firstName","lastName","age"
"Aid","Aiden","Reed",27
"Ly","Lydia","Sullivan",20
"Jes","Jessica","Ryan",23
"Alex","Alexander","Taylor",21
"Al","Alfred","Hunt",19
"Stev","Steven","Nelson",20
"DRoss","Dale","Ross",30
"CHE","Charlie","Foster",25
"Rob","Albert","Robinson",25
"Max","Maximilian","Parker",21"userName","firstName","lastName","age""userName","firstName","lastName","age""userName","firstName","lastName","age""userName","firstName","lastName","age"
"Aid","Aiden","Reed",27
"Al","Alfred","Hunt",19
"Jes","Jessica","Ryan",23
"Alex","Alexander","Taylor",21
"Ly","Lydia","Sullivan",20
"DRoss","Dale","Ross",30
"Stev","Steven","Nelson",20
"CHE","Charlie","Foster",25
"Rob","Albert","Robinson",25
"Max","Maximilian","Parker",21
"Aid","Aiden","Reed",27
"Jes","Jessica","Ryan",23
"Al","Alfred","Hunt",19
"Alex","Alexander","Taylor",21
"Ly","Lydia","Sullivan",20
"DRoss","Dale","Ross",30
"Rob","Albert","Robinson",25
"CHE","Charlie","Foster",25
"Max","Maximilian","Parker",21
"Stev","Steven","Nelson",20
"Aid","Aiden","Reed",27
"Jes","Jessica","Ryan",23
"Al","Alfred","Hunt",19
"Alex","Alexander","Taylor",21
"Ly","Lydia","Sullivan",20
"DRoss","Dale","Ross",30
"Rob","Albert","Robinson",25
"CHE","Charlie","Foster",25
"Max","Maximilian","Parker",21
"Stev","Steven","Nelson",20"userName","firstName","lastName","age"
"Aid","Aiden","Reed",27
"Al","Alfred","Hunt",19
"Jes","Jessica","Ryan",23
"Alex","Alexander","Taylor",21
"Ly","Lydia","Sullivan",20
"DRoss","Dale","Ross",30
"Stev","Steven","Nelson",20
"CHE","Charlie","Foster",25
"Rob","Albert","Robinson",25
"Max","Maximilian","Parker",21
"Aid","Aiden","Reed",27
"Jes","Jessica","Ryan",23
"Al","Alfred","Hunt",19
"Alex","Alexander","Taylor",21
"Ly","Lydia","Sullivan",20
"DRoss","Dale","Ross",30
"Rob","Albert","Robinson",25
"CHE","Charlie","Foster",25
"Max","Maximilian","Parker",21
"Stev","Steven","Nelson",20
"Aid","Aiden","Reed",27
"Jes","Jessica","Ryan",23
"Al","Alfred","Hunt",19
"Alex","Alexander","Taylor",21
"Ly","Lydia","Sullivan",20
"DRoss","Dale","Ross",30
"Rob","Albert","Robinson",25
"CHE","Charlie","Foster",25
"Max","Maximilian","Parker",21
"Stev","Steven","Nelson",20"userName","firstName","lastName","age"
"Aid","Aiden","Reed",27
"Jes","Jessica","Ryan",23
"Ly","Lydia","Sullivan",20
"Alex","Alexander","Taylor",21
"Al","Alfred","Hunt",19
"DRoss","Dale","Ross",30
"Stev","Steven","Nelson",20
"Rob","Albert","Robinson",25
"CHE","Charlie","Foster",25
"Max","Maximilian","Parker",21"userName","firstName","lastName","age""userName","firstName","lastName","age"
"Aid","Aiden","Reed",27
"Alex","Alexander","Taylor",21
"Ly","Lydia","Sullivan",20
"Jes","Jessica","Ryan",23
"DRoss","Dale","Ross",30
"Rob","Albert","Robinson",25
"CHE","Charlie","Foster",25
"Stev","Steven","Nelson",20
"Al","Alfred","Hunt",19
"Max","Maximilian","Parker",21"userName","firstName","lastName","age""userName","firstName","lastName","age""userName","firstName","lastName","age"
"Aid","Aiden","Reed",27
"Jes","Jessica","Ryan",23
"Al","Alfred","Hunt",19
"Alex","Alexander","Taylor",21
"Ly","Lydia","Sullivan",20
"DRoss","Dale","Ross",30
"Rob","Albert","Robinson",25
"CHE","Charlie","Foster",25
"Max","Maximilian","Parker",21
"Stev","Steven","Nelson",20"userName","firstName","lastName","age""userName","firstName","lastName","age"
"Aid","Aiden","Reed",27
"Jes","Jessica","Ryan",23
"Al","Alfred","Hunt",19
"Alex","Alexander","Taylor",21
"Ly","Lydia","Sullivan",20
"DRoss","Dale","Ross",30
"Rob","Albert","Robinson",25
"CHE","Charlie","Foster",25
"Max","Maximilian","Parker",21
"Stev","Steven","Nelson",20